"","ColumnName","Type","Description"
"1","datum","Date","Date of the measurement"
"2","uhrzeit_start","'hms' num","Time of the start of the measurement"
"3","uhrzeit_ende","'hms' num","Time of the end of the measurement"
"4","zaehlstelle","chr","Name of the position of the counting unit"
"5","richtung_1","num","Number of cyclist in the direction one"
"6","richtung_2","num","Number of cyclist in the direction two"
"7","gesamt","num","Toal number of cyclists"
"8","min.temp","chr","Minimum temperature on the day in degree Celsius"
"9","max.temp","chr","Maximum temperature on the day in degree Celsius"
"10","niederschlag","chr","Precipitation on the day measured in mm"
"11","bewoelkung","num","Cloud cover on the day in %"
"12","sonnenstunden","chr","Sunshine hours on the day"
