"","datum","name"
"1",2008-01-01,"New Years Day"
"2",2008-01-06,"Epiphany"
"3",2008-05-01,"Labour Day"
"4",2008-08-15,"Assumption of Mary"
"5",2008-10-03,"Unification Day"
"6",2008-11-01,"All Saints Day"
"7",2008-12-25,"Christmas Day"
"8",2008-12-26,"Boxing Day"
"9",2008-03-21,"Good Friday"
"10",2008-03-24,"Easter Monday"
"11",2008-05-01,"Ascension Day"
"12",2008-05-12,"Pentecost Monday"
"13",2008-05-22,"Corpus Christi"
"14",2009-01-01,"New Years Day"
"15",2009-01-06,"Epiphany"
"16",2009-05-01,"Labour Day"
"17",2009-08-15,"Assumption of Mary"
"18",2009-10-03,"Unification Day"
"19",2009-11-01,"All Saints Day"
"20",2009-12-25,"Christmas Day"
"21",2009-12-26,"Boxing Day"
"22",2009-04-10,"Good Friday"
"23",2009-04-13,"Easter Monday"
"24",2009-05-21,"Ascension Day"
"25",2009-06-01,"Pentecost Monday"
"26",2009-06-11,"Corpus Christi"
"27",2010-01-01,"New Years Day"
"28",2010-01-06,"Epiphany"
"29",2010-05-01,"Labour Day"
"30",2010-08-15,"Assumption of Mary"
"31",2010-10-03,"Unification Day"
"32",2010-11-01,"All Saints Day"
"33",2010-12-25,"Christmas Day"
"34",2010-12-26,"Boxing Day"
"35",2010-04-02,"Good Friday"
"36",2010-04-05,"Easter Monday"
"37",2010-05-13,"Ascension Day"
"38",2010-05-24,"Pentecost Monday"
"39",2010-06-03,"Corpus Christi"
"40",2011-01-01,"New Years Day"
"41",2011-01-06,"Epiphany"
"42",2011-05-01,"Labour Day"
"43",2011-08-15,"Assumption of Mary"
"44",2011-10-03,"Unification Day"
"45",2011-11-01,"All Saints Day"
"46",2011-12-25,"Christmas Day"
"47",2011-12-26,"Boxing Day"
"48",2011-04-22,"Good Friday"
"49",2011-04-25,"Easter Monday"
"50",2011-06-02,"Ascension Day"
"51",2011-06-13,"Pentecost Monday"
"52",2011-06-23,"Corpus Christi"
"53",2012-01-01,"New Years Day"
"54",2012-01-06,"Epiphany"
"55",2012-05-01,"Labour Day"
"56",2012-08-15,"Assumption of Mary"
"57",2012-10-03,"Unification Day"
"58",2012-11-01,"All Saints Day"
"59",2012-12-25,"Christmas Day"
"60",2012-12-26,"Boxing Day"
"61",2012-04-06,"Good Friday"
"62",2012-04-09,"Easter Monday"
"63",2012-05-17,"Ascension Day"
"64",2012-05-28,"Pentecost Monday"
"65",2012-06-07,"Corpus Christi"
"66",2013-01-01,"New Years Day"
"67",2013-01-06,"Epiphany"
"68",2013-05-01,"Labour Day"
"69",2013-08-15,"Assumption of Mary"
"70",2013-10-03,"Unification Day"
"71",2013-11-01,"All Saints Day"
"72",2013-12-25,"Christmas Day"
"73",2013-12-26,"Boxing Day"
"74",2013-03-29,"Good Friday"
"75",2013-04-01,"Easter Monday"
"76",2013-05-09,"Ascension Day"
"77",2013-05-20,"Pentecost Monday"
"78",2013-05-30,"Corpus Christi"
"79",2014-01-01,"New Years Day"
"80",2014-01-06,"Epiphany"
"81",2014-05-01,"Labour Day"
"82",2014-08-15,"Assumption of Mary"
"83",2014-10-03,"Unification Day"
"84",2014-11-01,"All Saints Day"
"85",2014-12-25,"Christmas Day"
"86",2014-12-26,"Boxing Day"
"87",2014-04-18,"Good Friday"
"88",2014-04-21,"Easter Monday"
"89",2014-05-29,"Ascension Day"
"90",2014-06-09,"Pentecost Monday"
"91",2014-06-19,"Corpus Christi"
"92",2015-01-01,"New Years Day"
"93",2015-01-06,"Epiphany"
"94",2015-05-01,"Labour Day"
"95",2015-08-15,"Assumption of Mary"
"96",2015-10-03,"Unification Day"
"97",2015-11-01,"All Saints Day"
"98",2015-12-25,"Christmas Day"
"99",2015-12-26,"Boxing Day"
"100",2015-04-03,"Good Friday"
"101",2015-04-06,"Easter Monday"
"102",2015-05-14,"Ascension Day"
"103",2015-05-25,"Pentecost Monday"
"104",2015-06-04,"Corpus Christi"
"105",2016-01-01,"New Years Day"
"106",2016-01-06,"Epiphany"
"107",2016-05-01,"Labour Day"
"108",2016-08-15,"Assumption of Mary"
"109",2016-10-03,"Unification Day"
"110",2016-11-01,"All Saints Day"
"111",2016-12-25,"Christmas Day"
"112",2016-12-26,"Boxing Day"
"113",2016-03-25,"Good Friday"
"114",2016-03-28,"Easter Monday"
"115",2016-05-05,"Ascension Day"
"116",2016-05-16,"Pentecost Monday"
"117",2016-05-26,"Corpus Christi"
"118",2017-01-01,"New Years Day"
"119",2017-01-06,"Epiphany"
"120",2017-05-01,"Labour Day"
"121",2017-08-15,"Assumption of Mary"
"122",2017-10-03,"Unification Day"
"123",2017-11-01,"All Saints Day"
"124",2017-12-25,"Christmas Day"
"125",2017-12-26,"Boxing Day"
"126",2017-04-14,"Good Friday"
"127",2017-04-17,"Easter Monday"
"128",2017-05-25,"Ascension Day"
"129",2017-06-05,"Pentecost Monday"
"130",2017-06-15,"Corpus Christi"
"131",2018-01-01,"New Years Day"
"132",2018-01-06,"Epiphany"
"133",2018-05-01,"Labour Day"
"134",2018-08-15,"Assumption of Mary"
"135",2018-10-03,"Unification Day"
"136",2018-11-01,"All Saints Day"
"137",2018-12-25,"Christmas Day"
"138",2018-12-26,"Boxing Day"
"139",2018-03-30,"Good Friday"
"140",2018-04-02,"Easter Monday"
"141",2018-05-10,"Ascension Day"
"142",2018-05-21,"Pentecost Monday"
"143",2018-05-31,"Corpus Christi"
"144",2019-01-01,"New Years Day"
"145",2019-01-06,"Epiphany"
"146",2019-05-01,"Labour Day"
"147",2019-08-15,"Assumption of Mary"
"148",2019-10-03,"Unification Day"
"149",2019-11-01,"All Saints Day"
"150",2019-12-25,"Christmas Day"
"151",2019-12-26,"Boxing Day"
"152",2019-04-19,"Good Friday"
"153",2019-04-22,"Easter Monday"
"154",2019-05-30,"Ascension Day"
"155",2019-06-10,"Pentecost Monday"
"156",2019-06-20,"Corpus Christi"
"157",2020-01-01,"New Years Day"
"158",2020-01-06,"Epiphany"
"159",2020-05-01,"Labour Day"
"160",2020-08-15,"Assumption of Mary"
"161",2020-10-03,"Unification Day"
"162",2020-11-01,"All Saints Day"
"163",2020-12-25,"Christmas Day"
"164",2020-12-26,"Boxing Day"
"165",2020-04-10,"Good Friday"
"166",2020-04-13,"Easter Monday"
"167",2020-05-21,"Ascension Day"
"168",2020-06-01,"Pentecost Monday"
"169",2020-06-11,"Corpus Christi"
"170",2021-01-01,"New Years Day"
"171",2021-01-06,"Epiphany"
"172",2021-05-01,"Labour Day"
"173",2021-08-15,"Assumption of Mary"
"174",2021-10-03,"Unification Day"
"175",2021-11-01,"All Saints Day"
"176",2021-12-25,"Christmas Day"
"177",2021-12-26,"Boxing Day"
"178",2021-04-02,"Good Friday"
"179",2021-04-05,"Easter Monday"
"180",2021-05-13,"Ascension Day"
"181",2021-05-24,"Pentecost Monday"
"182",2021-06-03,"Corpus Christi"
"183",2022-01-01,"New Years Day"
"184",2022-01-06,"Epiphany"
"185",2022-05-01,"Labour Day"
"186",2022-08-15,"Assumption of Mary"
"187",2022-10-03,"Unification Day"
"188",2022-11-01,"All Saints Day"
"189",2022-12-25,"Christmas Day"
"190",2022-12-26,"Boxing Day"
"191",2022-04-15,"Good Friday"
"192",2022-04-18,"Easter Monday"
"193",2022-05-26,"Ascension Day"
"194",2022-06-06,"Pentecost Monday"
"195",2022-06-16,"Corpus Christi"
